,id,bank_predicted
0,2041,0
1,399,0
2,1400,0
3,3709,0
4,2111,0
5,2706,1
6,2987,0
7,3275,0
8,195,0
9,1170,0
10,248,0
11,3625,0
12,1732,0
13,1051,0
14,855,1
15,2118,1
16,317,0
17,2016,0
18,1497,0
19,752,0
20,205,0
21,1195,0
22,2093,0
23,4080,0
24,803,0
25,2262,0
26,236,0
27,89,1
28,603,0
29,3120,0
30,2727,0
31,2933,0
32,40,0
33,1476,0
34,1106,1
35,2748,0
36,2095,0
37,741,0
38,2171,0
39,1759,0
40,433,0
41,4022,0
42,442,0
43,3247,0
44,1866,0
45,2072,0
46,2131,0
47,3844,0
48,3719,0
49,1305,0
50,2087,0
51,401,0
52,2672,0
53,99,0
54,1082,0
55,1182,0
56,1114,0
57,2610,0
58,1983,1
59,3828,0
60,1468,0
61,3489,0
62,583,1
63,2660,0
64,2465,0
65,2901,1
66,906,0
67,996,0
68,2394,0
69,2951,1
70,32,0
71,782,1
72,1171,0
73,281,0
74,3713,0
75,1532,1
76,2929,0
77,347,0
78,4035,1
79,661,0
80,47,0
81,1360,0
82,2144,0
83,3453,0
84,3482,1
85,3209,1
86,3052,1
87,502,1
88,2159,0
89,3476,0
90,2452,0
91,1339,0
92,3028,0
93,577,0
94,2308,0
95,2022,0
96,1069,0
97,3160,0
98,3256,0
99,1541,1
100,2216,0
101,1037,0
102,3502,0
103,2321,0
104,2496,0
105,2344,0
106,451,1
107,1817,0
108,1720,0
109,690,0
110,2008,0
111,2532,0
112,4091,0
113,1979,0
114,1855,0
115,2537,0
116,2729,0
117,3033,0
118,2378,0
119,2377,0
120,2734,0
121,3732,0
122,3361,0
123,1251,0
124,756,0
125,607,0
126,1524,0
127,854,0
128,2772,0
129,2265,0
130,2974,0
131,1397,0
132,2919,0
133,394,0
134,1168,0
135,4114,0
136,3345,0
137,2770,0
138,3928,0
139,3900,0
140,704,0
141,417,0
142,2648,0
143,1351,0
144,2140,0
145,2360,1
146,4098,0
147,535,0
148,3376,0
149,1266,0
150,193,0
151,1207,0
152,810,0
153,2416,0
154,4053,0
155,1143,0
156,1565,0
157,2767,0
158,2419,0
159,2810,0
160,645,0
161,2250,0
162,2524,1
163,378,0
164,3991,0
165,2761,0
166,1235,0
167,1061,0
168,570,0
169,1710,0
170,2733,0
171,650,0
172,1390,0
173,15,0
174,3556,0
175,2127,0
176,847,0
177,3130,0
178,3858,0
179,1851,1
180,1954,0
181,1310,0
182,1244,0
183,2191,0
184,1684,0
185,3696,0
186,931,0
187,813,0
188,2823,0
189,1868,0
190,889,0
191,1715,0
192,951,0
193,2392,0
194,3627,0
195,2478,0
196,1777,0
197,25,0
198,1329,0
199,3439,0
200,2450,1
201,3216,0
202,3242,0
203,1135,0
204,1160,0
205,3169,0
206,1352,0
207,3106,0
208,1937,0
209,1033,0
210,2317,0
211,546,0
212,1501,0
213,3675,0
214,2783,1
215,111,0
216,1261,1
217,3554,0
218,2790,0
219,3830,0
220,2907,0
221,1813,0
222,998,1
223,2158,0
224,3835,0
225,373,0
226,166,1
227,3924,0
228,683,0
229,3503,0
230,1825,0
231,2024,0
232,2507,0
233,3414,0
234,3399,0
235,2390,0
236,2945,0
237,3030,0
238,3248,0
239,3306,0
240,128,0
241,601,1
242,4020,0
243,77,0
244,3308,0
245,2771,0
246,1794,1
247,814,0
248,26,1
249,3765,0
250,3156,0
251,2218,1
252,102,0
253,1017,0
254,2638,0
255,514,0
256,150,0
257,3760,0
258,978,1
259,3796,0
260,429,0
261,2332,0
262,130,0
263,2007,0
264,909,1
265,2352,0
266,1024,0
267,1306,0
268,1745,1
269,3285,0
270,3147,0
271,2270,0
272,2417,0
273,2663,0
274,2458,0
275,2226,0
276,1163,0
277,1959,0
278,3224,0
279,2750,0
280,2799,0
281,2869,0
282,2413,0
283,1936,0
284,3397,0
285,253,0
286,1790,0
287,2599,0
288,2102,0
289,1125,0
290,459,0
291,3898,1
292,3972,0
293,3370,0
294,2488,0
295,3233,0
296,321,0
297,652,0
298,1834,0
299,3699,0
300,4058,0
301,819,0
302,1371,0
303,2521,0
304,506,0
305,1359,0
306,874,0
307,3630,0
308,1694,0
309,3027,0
310,576,0
311,4096,0
312,273,0
313,2784,0
314,419,0
315,3938,0
316,3021,0
317,2114,1
318,1148,0
319,2509,0
320,1378,0
321,1091,0
322,1740,0
323,807,0
324,1093,0
325,3660,0
326,2357,0
327,3080,0
328,171,0
329,4016,0
330,3172,0
331,304,0
332,443,0
333,1771,0
334,359,0
335,1444,0
336,1757,0
337,3312,0
338,1523,0
339,597,0
340,3558,0
341,1849,0
342,688,0
343,328,0
344,3715,0
345,3549,0
346,3267,1
347,235,0
348,846,0
349,3018,0
350,1068,0
351,729,0
352,2256,0
353,2420,0
354,1796,0
355,475,0
356,168,0
357,3998,0
358,2035,0
359,1145,0
360,1232,0
361,1448,0
362,29,0
363,2123,1
364,207,0
365,1325,0
366,1022,0
367,3646,1
368,2873,0
369,3128,1
370,3537,0
371,277,0
372,2814,0
373,925,0
374,3784,0
375,4107,0
376,568,0
377,3681,0
378,4108,0
379,2143,0
380,3296,0
381,821,0
382,3927,0
383,269,0
384,2795,0
385,105,0
386,1471,1
387,3775,0
388,348,0
389,900,0
390,435,0
391,1212,0
392,867,0
393,3872,0
394,578,0
395,946,0
396,3945,1
397,3109,0
398,242,0
399,1695,0
400,1803,0
401,2713,0
402,3725,0
403,3946,1
404,1919,0
405,2249,0
406,1898,0
407,3529,0
408,2915,0
409,2453,0
410,43,0
411,3986,0
412,3158,0
413,1561,0
414,2435,0
415,3469,0
416,3413,0
417,2879,0
418,3527,1
419,1137,0
420,2142,0
421,428,0
422,284,0
423,2673,0
424,2096,0
425,3192,0
426,1241,0
427,2376,0
428,80,0
429,2025,0
430,3343,0
431,922,0
432,831,0
433,1617,1
434,3989,0
435,2318,0
436,2780,0
437,2314,0
438,4005,0
439,2354,0
440,2725,0
441,2012,0
442,2260,0
443,2014,0
444,1233,0
445,2730,0
446,3237,0
447,308,0
448,955,1
449,1981,0
450,2742,0
451,4001,0
452,380,0
453,3287,0
454,39,0
455,3809,1
456,1573,1
457,1242,1
458,4055,0
459,2819,0
460,2006,0
461,4031,0
462,2199,0
463,3359,0
464,1495,0
465,3967,0
466,283,0
467,3302,0
468,2455,0
469,825,1
470,2604,0
471,2299,0
472,318,0
473,3961,1
474,4068,0
475,572,0
476,17,0
477,2436,1
478,104,0
479,4115,0
480,801,0
481,2033,1
482,1097,1
483,2853,0
484,3055,0
485,2048,0
486,2775,0
487,1590,0
488,3183,0
489,515,0
490,2036,0
491,1039,0
492,3231,0
493,2369,0
494,476,0
495,1428,0
496,3925,0
497,2266,0
498,914,0
499,3522,0
500,3351,0
501,3669,0
502,3448,0
503,365,0
504,1335,0
505,2720,0
506,2875,0
507,1507,0
508,1285,0
509,3150,1
510,356,0
511,3523,0
512,379,0
513,3569,0
514,2647,0
515,2650,0
516,898,0
517,824,0
518,2764,1
519,3038,1
520,1961,0
521,2362,0
522,3450,0
523,1308,0
524,915,0
525,3416,0
526,1332,0
527,2548,0
528,2997,0
529,769,0
530,1079,0
531,2463,0
532,2686,1
533,2792,0
534,1049,0
535,1653,1
536,2388,0
537,1043,0
538,3568,0
539,1401,0
540,630,1
541,2088,1
542,3824,1
543,1437,0
544,108,0
545,2620,0
546,2618,0
547,254,0
548,3665,0
549,3449,0
550,969,1
551,2358,0
552,1056,0
553,1147,0
554,1698,0
555,1585,0
556,2237,0
557,2103,1
558,3615,0
559,2374,1
560,2018,0
561,1884,0
562,745,0
563,1029,0
564,2059,0
565,2586,0
566,1696,0
567,4111,0
568,985,0
569,496,0
570,2959,0
571,2911,0
572,2204,0
573,1050,0
574,71,0
575,2355,0
576,2804,0
577,2168,0
578,960,0
579,4094,0
580,614,0
581,62,0
582,3914,0
583,2264,1
584,2422,0
585,123,0
586,1760,0
587,3447,0
588,322,0
589,3056,0
590,2479,0
591,2425,0
592,2410,0
593,1791,0
594,901,0
595,543,0
596,2132,0
597,3226,0
598,3417,0
599,3843,1
600,1538,0
601,2427,0
602,1175,0
603,313,0
604,3459,0
605,3622,0
606,1819,0
607,940,0
608,3069,0
609,2523,0
610,3910,0
611,1060,0
612,367,0
613,2667,0
614,3962,0
615,141,0
616,3501,0
617,3465,0
618,369,0
619,3733,0
620,2501,0
621,3034,0
622,3762,0
623,2582,0
624,3863,1
625,1108,0
626,2969,0
627,2295,0
628,420,0
629,554,0
630,1857,0
631,2301,0
632,2803,0
633,1304,0
634,552,1
635,3573,0
636,1751,1
637,1295,0
638,2247,0
639,2439,0
640,436,0
641,4075,0
642,8,0
643,45,0
644,3437,1
645,4067,1
646,357,0
647,1237,0
648,1317,0
649,1132,0
650,3826,0
651,2137,0
652,3592,0
653,1738,0
654,230,0
655,49,0
656,2596,0
657,4118,0
658,3751,0
659,3145,0
660,2243,1
661,3942,0
662,3433,0
663,1165,0
664,838,0
665,172,0
666,1567,0
667,3895,0
668,591,0
669,2326,0
670,444,0
671,997,0
672,2889,0
673,3364,0
674,2859,0
675,118,0
676,2005,0
677,2765,0
678,2004,0
679,3683,0
680,1554,0
681,208,0
682,1985,0
683,2370,0
684,1394,0
685,2718,0
686,1278,0
687,1211,0
688,3598,0
689,1205,0
690,1040,0
691,1965,0
692,1814,1
693,2040,0
694,2884,0
695,2021,0
696,861,0
697,1743,0
698,2568,0
699,1880,0
700,873,0
701,786,0
702,377,0
703,1474,0
704,2151,0
705,3081,0
706,2904,0
707,907,0
708,323,0
709,1431,0
710,3262,0
711,3443,0
712,4082,0
713,1570,0
714,1780,0
715,2654,0
716,228,0
717,1362,0
718,2785,0
719,1340,0
720,3904,0
721,2956,0
722,3396,0
723,383,0
724,223,0
725,1391,0
726,2908,0
727,83,0
728,1629,1
729,3880,1
730,1420,0
731,4070,1
732,2935,0
733,3667,0
734,665,1
735,3698,1
736,334,0
737,3411,0
738,2559,0
739,3820,0
740,1925,0
741,1867,1
742,3279,0
743,342,0
744,1382,0
745,3589,0
746,959,0
747,1300,0
748,1852,0
749,3180,1
750,518,0
751,95,0
752,833,0
753,608,0
754,2185,0
755,2744,1
756,3922,0
757,1116,0
758,246,0
759,441,0
760,69,0
761,2263,0
762,1785,0
763,2147,0
764,2540,0
765,3973,0
766,4009,0
767,3959,0
768,1887,0
769,627,0
770,1111,0
771,574,0
772,3410,0
773,2872,0
774,289,1
775,1224,0
776,453,0
777,987,0
778,3065,0
779,3014,0
780,3746,0
781,3015,0
782,4100,0
783,1545,0
784,3274,0
785,706,1
786,522,0
787,368,0
788,2964,0
789,2084,0
790,117,0
791,4019,0
792,638,0
793,2329,0
794,1393,1
795,4095,0
796,3997,0
797,302,0
798,3332,0
799,2058,0
800,887,0
801,3564,0
802,519,0
803,1280,0
804,802,0
805,1863,0
806,23,0
807,2777,0
808,3688,0
809,1875,0
810,464,0
811,3496,0
812,826,0
813,2052,0
814,1624,0
815,3703,0
816,2163,1
817,395,0
818,303,0
819,315,0
820,1025,0
821,1601,0
822,4087,0
823,3913,0
824,2615,0
825,1831,0
826,320,0
827,1058,0
828,1268,0
829,3773,1
830,160,0
831,3253,0
832,2106,0
833,1939,0
834,1442,0
835,1952,0
836,2296,0
837,2934,0
838,615,0
839,3339,0
840,1827,0
841,129,1
842,3365,1
843,2538,0
844,135,0
845,456,0
846,2234,0
847,3341,0
848,238,0
849,3422,0
850,1712,0
851,4000,0
852,2447,0
853,990,0
854,1287,0
855,2451,0
856,374,0
857,447,0
858,3197,0
859,2896,0
860,232,0
861,1686,1
862,3534,0
863,2941,0
864,2288,0
865,3187,0
866,1649,0
867,1219,0
868,1057,0
869,709,0
870,1973,0
871,713,0
872,974,0
873,1652,0
874,1502,0
875,2405,0
876,2834,0
877,1500,0
878,2707,0
879,2343,0
880,667,0
881,2385,0
882,3578,0
883,2642,0
884,2687,0
885,3011,0
886,2154,1
887,489,0
888,3750,0
889,2195,0
890,3532,0
891,1630,0
892,1587,0
893,3515,0
894,654,0
895,2759,0
896,563,0
897,2277,0
898,686,1
899,3528,0
900,3105,0
901,503,0
902,370,0
903,2878,0
904,2384,1
905,1772,0
906,3181,0
907,3580,0
908,2179,0
909,2034,0
910,4090,1
911,1890,0
912,403,0
913,1767,0
914,2949,1
915,739,0
916,1257,0
917,1588,0
918,3294,0
919,648,0
920,2512,1
921,3263,1
922,2187,0
923,279,0
924,2653,0
925,2980,0
926,2462,0
927,3463,1
928,899,0
929,787,0
930,293,1
931,1642,1
932,610,1
933,1990,0
934,3621,0
935,1169,0
936,490,0
937,3461,0
938,1918,1
939,6,0
940,2629,0
941,1341,0
942,3734,0
943,1871,0
944,3324,0
945,149,0
946,1677,0
947,1940,0
948,1183,0
949,3124,0
950,3504,0
951,4008,0
952,256,0
953,439,0
954,4079,0
955,1873,0
956,3642,0
957,3077,0
958,3599,0
959,1549,0
960,3049,0
961,961,0
962,1112,0
963,224,0
964,2345,0
965,1552,0
966,642,0
967,763,0
968,1381,0
969,2847,0
970,3690,0
971,3878,0
972,1189,1
973,1892,0
974,3409,0
975,853,0
976,3016,0
977,412,0
978,3057,0
979,2735,0
980,282,0
981,1100,0
982,2736,0
983,148,0
984,54,1
985,3628,0
986,1637,0
987,174,0
988,1330,0
989,3225,0
990,2954,0
991,247,0
992,2955,0
993,1995,0
994,2475,1
995,3215,0
996,474,0
997,58,0
998,1013,0
999,1301,0
1000,3678,0
1001,1423,0
1002,2527,0
1003,1826,0
1004,1131,0
1005,559,0
1006,2996,0
1007,771,0
1008,67,0
1009,3207,0
1010,793,0
1011,2564,0
1012,1633,1
1013,1445,0
1014,712,0
1015,287,0
1016,3541,0
1017,1579,0
1018,1149,0
1019,1499,0
1020,894,0
1021,1906,0
1022,1886,0
1023,1647,0
1024,3492,0
1025,2899,0
1026,30,0
1027,1259,0
1028,1671,0
1029,1812,0
1030,3917,0
1031,4040,0
1032,1518,0
1033,2776,0
1034,2061,0
1035,2891,0
1036,2255,0
1037,2668,0
1038,3738,0
1039,3304,0
1040,2914,0
1041,2353,0
1042,2683,0
1043,3201,0
1044,1563,0
1045,3075,0
1046,1576,0
1047,1133,0
1048,92,0
1049,3325,0
1050,2716,0
1051,70,0
1052,351,0
1053,1527,0
1054,1186,0
1055,2280,0
1056,581,0
1057,2817,0
1058,644,0
1059,984,1
1060,1389,0
1061,780,1
1062,1621,0
1063,2932,1
1064,3891,0
1065,177,0
1066,4026,0
1067,233,0
1068,2284,0
1069,3656,0
1070,2246,0
1071,1847,1
1072,1850,0
1073,2283,0
1074,2108,0
1075,1782,0
1076,152,0
1077,3024,0
1078,1269,0
1079,1489,0
1080,3804,0
1081,1349,0
1082,2401,0
1083,2184,0
1084,3333,0
1085,1522,0
1086,1436,0
1087,3761,0
1088,1395,0
1089,573,0
1090,2664,0
1091,1422,0
1092,1982,0
1093,1344,0
1094,1651,0
1095,993,0
1096,3610,0
1097,3611,0
1098,1553,0
1099,3510,0
1100,2766,0
1101,1158,0
1102,2215,0
1103,3694,1
1104,1614,0
1105,176,0
1106,594,0
1107,1153,0
1108,1525,0
1109,1685,0
1110,526,0
1111,499,0
1112,3173,0
1113,1477,0
1114,65,0
1115,2471,0
1116,1746,1
1117,3764,0
1118,3647,1
1119,3218,0
1120,2597,0
1121,3347,0
1122,2984,0
1123,1654,1
1124,1119,0
1125,3194,0
1126,2320,0
1127,2547,0
1128,1433,0
1129,759,0
1130,533,1
1131,2105,0
1132,738,0
1133,876,0
1134,1103,0
1135,655,0
1136,2658,0
1137,3559,0
1138,155,0
1139,3380,0
1140,3255,0
1141,1283,0
1142,3604,1
1143,2221,0
1144,3567,0
1145,4046,0
1146,1658,0
1147,2820,0
1148,3079,0
1149,56,0
1150,186,0
1151,107,0
1152,2172,1
1153,845,0
1154,258,0
1155,765,0
1156,154,1
1157,2699,1
1158,1000,0
1159,3102,0
1160,3195,0
1161,1408,0
1162,3251,1
1163,3912,0
1164,3041,0
1165,3626,0
1166,3940,1
1167,297,0
1168,980,0
1169,180,1
1170,1650,0
1171,3113,0
1172,221,0
1173,3203,0
1174,437,0
1175,1934,0
1176,2178,0
1177,1020,0
1178,211,0
1179,319,0
1180,206,0
1181,3871,0
1182,948,1
1183,1356,0
1184,766,0
1185,295,0
1186,737,0
1187,681,0
1188,1742,0
1189,972,0
1190,266,0
1191,2986,0
1192,3303,0
1193,2867,0
1194,2393,0
1195,1076,0
1196,2881,0
1197,2684,1
1198,3993,1
1199,4015,0
1200,3286,0
1201,1693,0
1202,2189,0
1203,2331,0
1204,3552,0
1205,306,0
1206,679,0
1207,3046,0
1208,3919,0
1209,945,0
1210,3406,0
1211,3955,0
1212,2381,0
1213,1063,0
1214,809,0
1215,485,0
1216,274,0
1217,3152,1
1218,2089,0
1219,3862,0
1220,2913,0
1221,1245,0
1222,3879,0
1223,3827,0
1224,2037,1
1225,604,0
1226,1895,0
1227,2305,1
1228,339,0
1229,4102,0
1230,404,0
1231,3641,0
1232,7,1
1233,2844,0
1234,3435,0
1235,1234,0
1236,264,1
1237,1829,0
1238,976,0
1239,3906,0
1240,2550,0
1241,2562,0
1242,815,0
1243,3425,0
1244,3008,0
1245,3806,0
1246,3373,0
1247,856,0
1248,3508,0
1249,183,0
1250,703,0
1251,779,0
1252,1031,0
1253,1531,0
1254,632,0
1255,4,0
1256,2855,0
1257,832,0
1258,210,0
1259,1823,0
1260,732,0
1261,539,0
1262,669,0
1263,2645,1
1264,1729,0
1265,407,0
1266,2473,0
1267,1421,0
1268,3635,0
1269,754,0
1270,2042,0
1271,4062,0
1272,2481,0
1273,3582,0
1274,1346,0
1275,1343,0
1276,2068,0
1277,3831,0
1278,633,0
1279,434,0
1280,584,0
1281,613,0
1282,1641,1
1283,674,0
1284,1582,0
1285,4106,0
1286,3063,0
1287,3058,0
1288,2635,0
1289,1439,0
1290,3040,0
1291,212,0
1292,3741,0
1293,1749,0
1294,1846,0
1295,2013,1
1296,3936,0
1297,2141,1
1298,694,0
1299,5,0
1300,2349,0
1301,1643,0
1302,2655,0
1303,2900,0
1304,3133,0
1305,3846,0
1306,3881,0
1307,3576,0
1308,4025,0
1309,4116,0
1310,828,0
1311,2298,0
1312,541,0
1313,3637,0
1314,2522,0
1315,1073,0
1316,904,0
1317,1870,0
1318,3638,0
1319,917,0
1320,2086,0
1321,592,0
1322,2918,0
1323,2526,0
1324,112,0
1325,3866,0
1326,3901,0
1327,3868,0
1328,500,0
1329,1253,0
1330,2407,0
1331,85,0
1332,3743,0
1333,4039,0
1334,3377,0
1335,1598,0
1336,2854,0
1337,3047,0
1338,3540,0
1339,1798,0
1340,527,0
1341,3988,0
1342,340,0
1343,2628,0
1344,1309,0
1345,2613,0
1346,767,0
1347,646,0
1348,1430,0
1349,2886,0
1350,1687,0
1351,2166,0
1352,2483,0
1353,3525,0
1354,3291,0
1355,2457,0
1356,431,0
1357,971,0
1358,3766,0
1359,3624,0
1360,1800,0
1361,1053,0
1362,1604,0
1363,1361,0
1364,2472,0
1365,3832,0
1366,1274,0
1367,1801,1
1368,2732,0
1369,1492,1
1370,2146,0
1371,2051,0
1372,3305,0
1373,2156,0
1374,991,0
1375,1663,0
1376,2443,0
1377,3264,0
1378,3833,0
1379,1101,0
1380,3672,0
1381,3726,0
1382,1635,0
1383,2274,0
1384,79,0
1385,4027,0
1386,1089,1
1387,3671,0
1388,74,0
1389,733,1
1390,2081,0
1391,4064,0
1392,3752,0
1393,2161,0
1394,445,0
1395,1095,0
1396,405,1
1397,1415,1
1398,46,0
1399,2754,0
1400,1293,0
1401,2871,0
1402,1262,0
1403,1418,0
1404,2611,0
1405,3068,0
1406,1067,0
1407,1120,0
1408,2211,0
1409,2756,0
1410,2895,0
1411,2432,1
1412,534,0
1413,3059,0
1414,1708,0
1415,2824,0
1416,37,0
1417,924,0
1418,3670,0
1419,2936,0
1420,3923,0
1421,1781,0
1422,2745,0
1423,905,0
1424,2887,0
1425,113,0
1426,3471,0
1427,4104,0
1428,649,0
1429,3650,0
1430,55,0
1431,4045,0
1432,3531,1
1433,2703,0
1434,1178,0
1435,3663,0
1436,3005,0
1437,3971,1
1438,3842,0
1439,749,0
1440,1711,0
1441,2999,0
1442,2806,0
1443,2950,0
1444,2731,0
1445,2841,0
1446,1602,0
1447,1429,0
1448,2098,0
1449,1190,1
1450,3882,0
1451,2387,0
1452,3852,0
1453,1200,0
1454,3718,0
1455,1811,0
1456,3084,0
1457,753,0
1458,1322,0
1459,1938,0
1460,1714,1
1461,259,0
1462,1948,0
1463,3278,0
1464,3673,0
1465,1412,0
1466,875,0
1467,2032,0
1468,1697,0
1469,2894,0
1470,1998,0
1471,2612,0
1472,606,0
1473,1036,0
1474,1571,1
1475,1717,0
1476,3636,0
1477,589,0
1478,595,0
1479,3457,0
1480,1779,0
1481,3155,0
1482,1512,0
1483,4033,0
1484,1122,1
1485,1754,0
1486,1844,0
1487,300,0
1488,2133,0
1489,3964,0
1490,3090,0
1491,804,0
1492,1167,0
1493,3590,0
1494,1465,0
1495,2060,0
1496,3941,0
1497,278,0
1498,3284,0
1499,139,0
1500,1104,1
1501,2064,0
1502,3402,0
1503,2010,0
1504,2044,0
1505,3562,0
1506,2866,0
1507,331,0
1508,90,0
1509,3896,0
1510,3467,0
1511,2236,0
1512,3067,1
1513,3126,0
1514,1620,0
1515,619,0
1516,3712,0
1517,2046,0
1518,2577,0
1519,2669,0
1520,2827,0
1521,27,0
1522,3064,1
1523,91,0
1524,1805,1
1525,1483,0
1526,82,0
1527,580,0
1528,510,0
1529,653,0
1530,2594,1
1531,481,0
1532,1744,0
1533,1480,0
1534,2860,0
1535,2787,0
1536,4105,0
1537,1150,0
1538,1180,0
1539,1762,0
1540,3283,0
1541,2529,0
1542,2808,0
1543,3571,0
1544,3431,0
1545,3221,0
1546,516,0
1547,3122,0
1548,3931,1
1549,38,0
1550,883,0
1551,2077,1
1552,3987,0
1553,2831,0
1554,3381,0
1555,1203,0
1556,1209,0
1557,3584,0
1558,309,1
1559,640,0
1560,1615,0
1561,1373,0
1562,2845,0
1563,2444,0
1564,1115,0
1565,1591,0
1566,3795,0
1567,3629,0
1568,285,0
1569,3462,0
1570,2396,0
1571,1411,0
1572,145,0
1573,2408,0
1574,2506,0
1575,2957,0
1576,3770,1
1577,598,0
1578,1449,0
1579,1447,0
1580,51,0
1581,1174,0
1582,3845,0
1583,651,0
1584,2459,0
1585,1194,0
1586,3115,0
1587,225,0
1588,3511,0
1589,2689,1
1590,1404,0
1591,2468,0
1592,4052,0
1593,3161,0
1594,486,0
1595,3320,0
1596,2336,1
1597,643,0
1598,2227,0
1599,3383,0
1600,2398,0
1601,999,0
1602,2066,0
1603,1099,0
1604,3893,0
1605,3444,0
1606,2225,0
1607,958,0
1608,2802,0
1609,1833,0
1610,1988,0
1611,3623,0
1612,2186,0
1613,2190,0
1614,2530,0
1615,361,0
1616,2434,1
1617,3555,0
1618,3272,1
1619,1107,0
1620,628,0
1621,1841,0
1622,2989,0
1623,705,0
1624,243,0
1625,3553,1
1626,3915,0
1627,3585,0
1628,1487,1
1629,2990,0
1630,3031,0
1631,192,0
1632,1996,0
1633,3616,0
1634,2580,1
1635,2846,0
1636,707,0
1637,3797,1
1638,844,0
1639,3614,0
1640,1496,0
1641,3693,0
1642,863,0
1643,2862,0
1644,2880,0
1645,467,0
1646,1917,0
1647,4112,0
1648,60,1
1649,1802,0
1650,550,0
1651,432,0
1652,1680,0
1653,571,1
1654,3131,0
1655,590,1
1656,1923,0
1657,3996,0
1658,1526,1
1659,115,0
1660,3116,0
1661,4018,0
1662,2287,0
1663,2028,0
1664,2788,0
1665,1845,0
1666,3785,0
1667,2710,0
1668,3889,0
1669,2573,0
1670,3083,0
1671,536,0
1672,1603,0
1673,249,0
1674,1493,0
1675,479,0
1676,1678,0
1677,3829,0
1678,386,0
1679,509,0
1680,400,0
1681,773,0
1682,4084,0
1683,2229,0
1684,3355,1
1685,4007,0
1686,2851,0
1687,1140,0
1688,1001,1
1689,935,0
1690,631,0
1691,2031,0
1692,3547,0
1693,3110,0
1694,484,1
1695,2842,0
1696,4050,0
1697,163,0
1698,2876,1
1699,1250,0
1700,3876,0
1701,3269,0
1702,1282,0
1703,2768,0
1704,1519,0
1705,2104,0
1706,2696,0
1707,2395,0
1708,3392,0
1709,2800,0
1710,1795,0
1711,1547,1
1712,3146,0
1713,1580,0
1714,1750,0
1715,421,1
1716,1728,0
1717,3349,0
1718,1005,1
1719,1809,0
1720,1256,0
1721,3384,0
1722,1370,0
1723,3386,0
1724,623,0
1725,372,0
1726,1958,0
1727,169,0
1728,22,1
1729,1327,0
1730,1086,0
1731,3426,0
1732,1564,0
1733,3367,0
1734,2230,0
1735,3969,0
1736,921,0
1737,1593,0
1738,2065,1
1739,2606,0
1740,2608,0
1741,4086,0
1742,2312,0
1743,2412,0
1744,3061,0
1745,3391,0
1746,1725,0
1747,325,0
1748,626,0
1749,3836,0
1750,1972,0
1751,1336,0
1752,371,0
1753,3127,0
1754,4093,0
1755,3949,0
1756,2309,0
1757,2938,0
1758,3745,0
1759,2026,0
1760,202,0
1761,3890,1
1762,2149,0
1763,755,0
1764,2590,0
1765,1410,1
1766,4023,0
1767,1864,1
1768,2702,0
1769,835,0
1770,3369,0
1771,2680,0
1772,3992,0
1773,1128,0
1774,301,0
1775,1747,0
1776,512,0
1777,3747,0
1778,2675,0
1779,1417,0
1780,1874,0
1781,2136,0
1782,2923,0
1783,2271,0
1784,1705,0
1785,964,0
1786,952,0
1787,3104,0
1788,423,0
1789,4042,0
1790,3648,0
1791,33,0
1792,460,0
1793,2340,0
1794,2138,0
1795,3692,0
1796,2755,0
1797,2334,0
1798,3937,0
1799,1064,0
1800,4034,0
1801,2587,0
1802,2688,0
1803,2162,0
1804,2482,0
1805,3159,0
1806,2572,1
1807,501,0
1808,2080,0
1809,2553,0
1810,1888,0
1811,1453,0
1812,4051,0
1813,1516,0
1814,2830,0
1815,1297,0
1816,1950,0
1817,1179,0
1818,170,0
1819,1753,0
1820,3518,0
1821,2245,0
1822,918,0
1823,757,0
1824,1550,0
1825,3634,1
1826,3869,0
1827,3620,0
1828,770,0
1829,895,0
1830,671,0
1831,1987,0
1832,388,0
1833,1138,0
1834,2616,0
1835,3335,0
1836,312,0
1837,1290,0
1838,2294,0
1839,2656,0
1840,398,0
1841,702,0
1842,2499,0
1843,3607,0
1844,2708,0
1845,3679,0
1846,3963,0
1847,970,0
1848,797,0
1849,3654,0
1850,2198,0
1851,1096,0
1852,142,0
1853,9,0
1854,3456,1
1855,2099,0
1856,1316,0
1857,385,0
1858,1350,0
1859,1872,1
1860,3360,0
1861,2928,0
1862,2677,0
1863,796,0
1864,1044,0
1865,3684,1
1866,1673,1
1867,1105,0
1868,1333,0
1869,1964,0
1870,3223,0
1871,103,0
1872,3097,0
1873,2682,1
1874,250,0
1875,270,0
1876,1628,0
1877,3632,0
1878,63,1
1879,3321,0
1880,3002,0
1881,3546,0
1882,2994,0
1883,1513,0
1884,2508,0
1885,2122,0
1886,1692,0
1887,2409,0
1888,1438,0
1889,3951,0
1890,768,0
1891,2971,0
1892,3244,1
1893,3191,1
1894,2083,1
1895,1032,0
1896,3512,0
1897,411,0
1898,2970,0
1899,3748,1
1900,545,0
1901,3506,0
1902,427,0
1903,1848,1
1904,1075,1
1905,2406,0
1906,3811,0
1907,2045,0
1908,2505,0
1909,858,0
1910,3695,0
1911,717,0
1912,942,0
1913,1364,0
1914,298,0
1915,1486,1
1916,1508,0
1917,2053,0
1918,3490,0
1919,675,1
1920,3329,0
1921,1161,0
1922,2153,0
1923,1807,0
1924,983,1
1925,927,0
1926,727,0
1927,1416,0
1928,834,0
1929,3405,0
1930,859,0
1931,505,0
1932,3186,0
1933,2466,0
1934,2912,0
1935,708,0
1936,1470,0
1937,805,0
1938,1876,0
1939,3731,0
1940,3851,0
1941,292,0
1942,2533,0
1943,1368,1
1944,3514,0
1945,4113,0
1946,2773,0
1947,1911,0
1948,2017,0
1949,947,0
1950,178,0
1951,3720,0
1952,1822,1
1953,2183,0
1954,1877,0
1955,2129,0
1956,3012,0
1957,1878,0
1958,1466,0
1959,1367,0
1960,389,0
1961,3265,0
1962,1210,0
1963,3319,0
1964,1656,0
1965,2100,0
1966,1616,0
1967,1963,0
1968,1263,0
1969,3722,0
1970,2774,0
1971,204,0
1972,3781,0
1973,2627,0
1974,3432,0
1975,19,0
1976,2816,0
1977,3060,0
1978,2598,0
1979,2837,0
1980,1127,0
1981,2753,0
1982,1136,0
1983,2181,0
1984,2519,0
1985,3557,1
1986,3661,0
1987,2339,0
1988,2438,0
1989,2194,0
1990,4089,1
1991,1015,0
1992,366,0
1993,2209,0
1994,101,0
1995,384,0
1996,1510,0
1997,1435,1
1998,3468,0
1999,3429,0
2000,687,0
2001,406,0
2002,871,1
2003,275,0
2004,3519,0
2005,1463,0
2006,1713,0
2007,3956,0
2008,2651,0
2009,1090,0
2010,719,1
2011,1943,1
2012,2992,0
2013,1035,0
2014,2534,0
2015,477,0
2016,159,0
2017,575,0
2018,1960,0
2019,2319,0
2020,2588,0
2021,430,0
2022,189,0
2023,919,0
2024,1277,0
2025,3533,0
2026,1007,0
2027,1586,0
2028,1456,0
2029,1778,0
2030,3076,0
2031,2290,0
2032,209,0
2033,1478,0
2034,2253,0
2035,1540,1
2036,3840,0
2037,1292,0
2038,3140,1
2039,2737,0
2040,127,0
2041,1110,0
2042,3281,0
2043,344,0
2044,864,0
2045,2877,0
2046,1072,0
2047,2903,1
2048,682,0
2049,1198,0
2050,4003,0
2051,2097,0
2052,3794,0
2053,2758,0
2054,2235,0
2055,1927,0
2056,3539,0
2057,3685,0
2058,4006,0
2059,3849,0
2060,663,0
2061,165,0
2062,892,0
2063,2112,1
2064,3652,0
2065,1542,0
2066,2210,0
2067,335,0
2068,2592,0
2069,1172,0
2070,953,0
2071,1947,1
2072,3379,0
2073,3234,0
2074,1933,1
2075,3485,0
2076,2155,0
2077,1910,0
2078,3782,0
2079,1066,0
2080,3358,0
2081,1258,0
2082,2692,0
2083,1971,0
2084,1786,0
2085,382,1
2086,424,0
2087,3579,0
2088,31,0
2089,888,0
2090,2470,0
2091,1123,0
2092,2372,0
2093,2214,0
2094,162,0
2095,3420,0
2096,3968,0
2097,4028,0
2098,64,0
2099,3129,0
2100,3536,0
2101,1865,0
2102,778,0
2103,1611,0
2104,3674,1
2105,387,0
2106,1080,0
2107,173,0
2108,3612,0
2109,3387,0
2110,4059,0
2111,1026,0
2112,1227,0
2113,3228,0
2114,2113,0
2115,2543,1
2116,1459,0
2117,2220,0
2118,1548,0
2119,1321,1
2120,1986,0
2121,1897,0
2122,3062,0
2123,1187,0
2124,3507,0
2125,4069,0
2126,2739,0
2127,994,0
2128,1406,0
2129,1255,0
2130,3042,0
2131,3107,1
2132,261,0
2133,1377,0
2134,1201,0
2135,1572,0
2136,3118,0
2137,1945,1
2138,1774,0
2139,1788,0
2140,1861,0
2141,3318,0
2142,3505,0
2143,622,0
2144,3036,0
2145,1675,0
2146,2047,0
2147,4109,0
2148,1773,0
2149,1735,0
2150,468,0
2151,982,0
2152,1010,0
2153,3466,0
2154,1730,0
2155,553,0
2156,257,0
2157,3723,0
2158,100,0
2159,1328,0
2160,1799,0
2161,2011,0
2162,2316,0
2163,3240,0
2164,1574,0
2165,3717,0
2166,215,0
2167,684,0
2168,2833,0
2169,1446,0
2170,1859,0
2171,446,0
2172,827,0
2173,1557,0
2174,932,0
2175,2075,0
2176,529,0
2177,3328,0
2178,121,0
2179,2348,0
2180,1924,0
2181,1462,0
2182,860,0
2183,3385,0
2184,1672,0
2185,728,0
2186,1543,0
2187,3043,1
2188,2836,0
2189,1882,0
2190,190,0
2191,2614,0
2192,3342,0
2193,872,0
2194,1530,0
2195,3288,0
2196,3290,0
2197,239,1
2198,2906,0
2199,1592,1
2200,88,1
2201,2603,0
2202,1484,0
2203,3007,0
2204,2632,0
2205,1279,0
2206,4036,0
2207,656,0
2208,908,0
2209,1718,0
2210,3153,0
2211,2738,0
2212,1176,1
2213,2589,0
2214,1703,0
2215,4017,0
2216,3825,0
2217,3581,1
2218,1969,0
2219,3004,0
2220,3601,0
2221,1354,0
2222,272,0
2223,3193,0
2224,4012,0
2225,3314,0
2226,3721,0
2227,2192,0
2228,2751,0
2229,3472,0
2230,2993,0
2231,16,0
2232,3841,0
2233,1318,0
2234,1595,0
2235,934,0
2236,710,0
2237,1348,0
2238,3787,0
2239,28,0
2240,1047,1
2241,2303,0
2242,1374,0
2243,3551,1
2244,12,0
2245,820,0
2246,2975,0
2247,1326,0
2248,3982,0
2249,2813,0
2250,472,1
2251,1974,0
2252,3807,0
2253,1052,0
2254,966,1
2255,3142,0
2256,3779,0
2257,3091,0
2258,2760,0
2259,716,0
2260,3372,0
2261,1460,0
2262,2431,1
2263,2640,0
2264,3297,0
2265,2646,0
2266,3597,0
2267,3421,0
2268,3135,0
2269,696,0
2270,3933,0
2271,3957,0
2272,3839,0
2273,2338,0
2274,1667,0
2275,3886,0
2276,265,0
2277,1862,0
2278,2549,0
2279,3470,0
2280,487,1
2281,715,0
2282,1994,0
2283,748,0
2284,470,0
2285,718,0
2286,1002,0
2287,4119,0
2288,659,1
2289,3164,0
2290,194,0
2291,2397,0
2292,3252,1
2293,3050,0
2294,2952,0
2295,3112,0
2296,1504,0
2297,2633,0
2298,2983,0
2299,2139,1
2300,2793,0
2301,2898,0
2302,1804,0
2303,2943,0
2304,2323,0
2305,2126,0
2306,2511,0
2307,3401,0
2308,3190,0
2309,3032,1
2310,2897,0
2311,1669,1
2312,438,0
2313,3513,0
2314,4043,0
2315,2330,0
2316,2888,0
2317,2709,1
2318,97,0
2319,1407,0
2320,3210,0
2321,3888,0
2322,1109,1
2323,1856,0
2324,2601,0
2325,1062,0
2326,2337,0
2327,244,0
2328,1273,1
2329,2561,0
2330,2208,0
2331,2693,0
2332,3705,0
2333,1596,0
2334,758,0
2335,3478,0
2336,1347,0
2337,454,0
2338,2254,0
2339,3213,0
2340,3754,0
2341,2698,0
2342,1941,0
2343,3299,0
2344,2152,0
2345,1830,0
2346,2981,0
2347,1731,0
2348,625,1
2349,2456,1
2350,3436,0
2351,1008,0
2352,3196,0
2353,355,0
2354,338,0
2355,657,0
2356,3710,0
2357,2367,1
2358,896,0
2359,3099,0
2360,3445,0
2361,3418,0
2362,3772,0
2363,1806,0
2364,3689,0
2365,3691,0
2366,336,0
2367,2925,0
2368,850,0
2369,1837,0
2370,3454,0
2371,4073,0
2372,3134,0
2373,3798,1
2374,1793,0
2375,3166,1
2376,3856,0
2377,4088,0
2378,1634,0
2379,540,0
2380,488,0
2381,1529,0
2382,3249,0
2383,1494,1
2384,2440,0
2385,408,0
2386,4056,0
2387,280,0
2388,2631,0
2389,930,0
2390,3605,0
2391,1291,0
2392,263,1
2393,2634,0
2394,4103,0
2395,3821,0
2396,1916,0
2397,3918,0
2398,1193,0
2399,968,0
2400,647,0
2401,2807,0
2402,410,0
2403,2165,0
2404,3877,0
2405,3606,0
2406,620,1
2407,635,0
2408,3767,0
2409,1921,0
2410,2023,0
2411,785,0
2412,2101,0
2413,1815,0
2414,2995,0
2415,2030,0
2416,2868,0
2417,3268,0
2418,1727,0
2419,3978,0
2420,124,0
2421,938,0
2422,1214,0
2423,3331,0
2424,1299,1
2425,586,0
2426,2454,0
2427,933,0
2428,3232,0
2429,237,0
2430,2325,0
2431,2670,0
2432,3157,0
2433,2988,0
2434,3239,1
2435,2231,0
2436,1074,0
2437,1854,0
2438,1722,0
2439,2555,0
2440,742,1
2441,2375,0
2442,3261,0
2443,1949,0
2444,2232,1
2445,1858,0
2446,3838,0
2447,2304,1
2448,2124,0
2449,1810,0
2450,2074,0
2451,3645,0
2452,582,1
2453,4072,0
2454,2726,0
2455,2201,1
2456,2584,0
2457,2446,0
2458,4024,0
2459,689,0
2460,3184,0
2461,1828,0
2462,4063,0
2463,2747,0
2464,1294,0
2465,538,0
2466,2910,0
2467,1118,0
2468,2257,0
2469,2743,1
2470,3088,0
2471,3644,0
2472,106,0
2473,1908,0
2474,2279,1
2475,3276,0
2476,1156,0
2477,2728,0
2478,4085,0
2479,2414,0
2480,1869,0
2481,2120,0
2482,2240,0
2483,1926,0
2484,109,0
2485,977,0
2486,2487,0
2487,448,0
2488,1756,0
2489,3452,0
2490,3280,0
2491,1385,0
2492,2177,0
2493,1690,0
2494,2607,0
2495,1914,0
2496,2796,1
2497,1071,0
2498,3757,0
2499,182,0
2500,616,0
2501,3356,1
2502,2931,0
2503,851,0
2504,3883,0
2505,2000,0
2506,4013,0
2507,3121,0
2508,747,0
2509,3572,0
2510,3727,0
2511,3561,0
2512,2865,0
2513,1558,0
2514,3740,0
2515,776,0
2516,3177,0
2517,762,0
2518,3487,0
2519,2306,1
2520,1,0
2521,928,0
2522,3550,1
2523,1162,0
2524,2399,0
2525,1566,0
2526,823,0
2527,1562,0
2528,730,0
2529,1612,0
2530,2056,0
2531,2379,0
2532,695,0
2533,1157,0
2534,1482,0
2535,3701,0
2536,2579,1
2537,1059,0
2538,3535,0
2539,3006,0
2540,3222,0
2541,2740,0
2542,1454,0
2543,2310,0
2544,2490,0
2545,3819,1
2546,1226,0
2547,2681,0
2548,1087,0
2549,426,1
2550,2665,0
2551,3295,0
2552,1166,0
2553,440,0
2554,1475,0
2555,3277,0
2556,939,0
2557,839,0
2558,794,0
2559,2575,0
2560,1464,0
2561,3039,0
2562,2503,0
2563,3170,0
2564,175,0
2565,1662,0
2566,662,1
2567,2838,0
2568,381,0
2569,409,0
2570,1230,0
2571,761,0
2572,2560,0
2573,1311,0
2574,44,0
2575,1568,0
2576,720,1
2577,1450,0
2578,3419,0
2579,3334,0
2580,1184,0
2581,2491,0
2582,3446,1
2583,1889,0
2584,268,0
2585,3023,0
2586,1704,0
2587,3441,0
2588,1820,0
2589,3352,0
2590,245,0
2591,1734,0
2592,1220,0
2593,2671,0
2594,1081,0
2595,2916,0
2596,138,1
2597,1003,0
2598,2528,0
2599,1668,0
2600,2570,0
2601,2285,0
2602,672,0
2603,483,0
2604,1555,1
2605,2666,0
2606,544,0
2607,2643,0
2608,1432,0
2609,2966,0
2610,2944,0
2611,841,0
2612,2962,0
2613,307,0
2614,350,0
2615,751,0
2616,1046,1
2617,666,0
2618,330,0
2619,1700,0
2620,621,0
2621,547,0
2622,2205,0
2623,2196,0
2624,2160,0
2625,136,1
2626,13,0
2627,1537,0
2628,3346,0
2629,879,0
2630,2497,0
2631,2924,0
2632,530,0
2633,114,0
2634,2238,0
2635,1498,0
2636,3292,0
2637,2241,0
2638,1030,0
2639,2057,0
2640,1674,0
2641,3338,0
2642,3010,0
2643,2383,1
2644,2173,0
2645,4083,0
2646,605,0
2647,3768,0
2648,458,0
2649,3543,0
2650,3000,0
2651,2662,1
2652,3965,0
2653,229,1
2654,2009,0
2655,2278,1
2656,1818,0
2657,364,0
2658,2055,0
2659,937,1
2660,508,0
2661,2291,0
2662,98,0
2663,4066,0
2664,3521,0
2665,744,0
2666,4029,0
2667,2001,1
2668,2391,0
2669,1016,0
2670,3929,0
2671,988,0
2672,3071,0
2673,685,0
2674,50,0
2675,2213,0
2676,1955,0
2677,4092,0
2678,1289,0
2679,316,1
2680,2563,0
2681,2752,0
2682,2600,0
2683,3143,0
2684,2289,0
2685,2794,0
2686,1768,0
2687,2145,0
2688,332,0
2689,3853,0
2690,4061,0
2691,3907,0
2692,2259,0
2693,3608,0
2694,668,0
2695,830,0
2696,2691,0
2697,1608,0
2698,1613,0
2699,3834,0
2700,3953,0
2701,3227,0
2702,673,0
2703,3481,1
2704,3486,0
2705,4057,0
2706,81,0
2707,1748,1
2708,1296,0
2709,2070,0
2710,1569,0
2711,413,0
2712,4060,0
2713,1907,0
2714,1915,0
2715,2175,0
2716,1900,0
2717,3594,1
2718,2335,0
2719,1770,0
2720,3676,0
2721,2180,0
2722,2347,0
2723,3017,0
2724,2248,0
2725,2429,0
2726,495,1
2727,2712,0
2728,556,0
2729,1204,0
2730,2364,0
2731,2695,0
2732,2637,0
2733,1129,0
2734,4032,0
2735,2373,0
2736,1559,0
2737,3073,0
2738,848,0
2739,1666,0
2740,1975,0
2741,602,0
2742,3313,0
2743,1953,0
2744,3266,0
2745,2121,0
2746,1721,0
2747,822,0
2748,2119,0
2749,1375,1
2750,2518,0
2751,979,0
2752,116,1
2753,1607,0
2754,2182,0
2755,1130,1
2756,3810,0
2757,2402,0
2758,346,0
2759,353,0
2760,1473,0
2761,3037,0
2762,1018,0
2763,2342,0
2764,3885,0
2765,3440,0
2766,1716,0
2767,2311,0
2768,3566,1
2769,493,1
2770,2939,0
2771,1544,0
2772,3995,0
2773,1922,0
2774,3902,0
2775,843,0
2776,664,0
2777,2905,0
2778,1467,0
2779,1644,0
2780,3943,0
2781,2991,0
2782,2566,0
2783,2626,0
2784,492,0
2785,179,1
2786,20,1
2787,3087,1
2788,3930,0
2789,3258,0
2790,1808,0
2791,2116,0
2792,511,0
2793,3188,1
2794,3808,0
2795,2258,0
2796,262,0
2797,2769,1
2798,2281,0
2799,1386,0
2800,3022,1
2801,975,0
2802,2513,0
2803,3442,0
2804,96,0
2805,1027,0
2806,3664,0
2807,3211,1
2808,2552,1
2809,3053,0
2810,2418,0
2811,2958,1
2812,1188,0
2813,1229,0
2814,2244,1
2815,2697,0
2816,3200,0
2817,1231,1
2818,3980,0
2819,929,0
2820,1977,0
2821,699,0
2822,3108,0
2823,1481,0
2824,2307,1
2825,10,0
2826,1931,0
2827,2722,0
2828,2322,0
2829,1117,0
2830,3438,0
2831,2779,0
2832,3700,0
2833,1139,0
2834,226,0
2835,2039,0
2836,2212,1
2837,2054,0
2838,3653,0
2839,764,0
2840,3423,1
2841,4041,0
2842,692,0
2843,3587,0
2844,2333,0
2845,2477,0
2846,1989,0
2847,2721,0
2848,352,0
2849,870,0
2850,3944,0
2851,1883,0
2852,1384,0
2853,2049,0
2854,1366,0
2855,393,0
2856,391,0
2857,3776,0
2858,2828,0
2859,14,0
2860,191,0
2861,2421,0
2862,2428,0
2863,480,1
2864,1206,0
2865,992,0
2866,2630,1
2867,3282,0
2868,2557,0
2869,869,0
2870,3494,0
2871,2293,0
2872,711,0
2873,271,0
2874,491,0
2875,494,1
2876,1303,0
2877,2350,0
2878,1085,0
2879,513,0
2880,885,0
2881,2063,0
2882,2811,0
2883,1638,0
2884,1126,0
2885,471,0
2886,1840,0
2887,775,0
2888,784,0
2889,140,1
2890,3780,0
2891,125,0
2892,3793,0
2893,1154,0
2894,551,0
2895,3591,0
2896,564,0
2897,731,0
2898,3655,0
2899,691,0
2900,2852,0
2901,1741,0
2902,3730,0
2903,557,1
2904,1503,0
2905,725,0
2906,1192,0
2907,122,0
2908,3583,0
2909,1124,0
2910,73,0
2911,3848,0
2912,3238,0
2913,525,0
2914,1905,0
2915,1144,0
2916,3368,1
2917,1485,0
2918,449,1
2919,52,0
2920,1600,0
2921,1164,0
2922,3711,0
2923,252,0
2924,2150,0
2925,3756,0
2926,3202,0
2927,3934,0
2928,2657,0
2929,693,0
2930,1597,1
2931,3984,0
2932,3020,0
2933,862,0
2934,2624,0
2935,981,0
2936,3451,0
2937,3199,0
2938,893,0
2939,1084,0
2940,3117,0
2941,3273,0
2942,1946,0
2943,949,0
2944,3979,0
2945,1302,0
2946,144,1
2947,2029,0
2948,4048,0
2949,3009,0
2950,1252,0
2951,146,0
2952,2469,1
2953,3702,0
2954,2786,0
2955,2927,0
2956,3082,0
2957,812,0
2958,3235,0
2959,2085,0
2960,3497,0
2961,1488,0
2962,1640,0
2963,2188,1
2964,3618,0
2965,1342,0
2966,2536,0
2967,1764,0
2968,3326,0
2969,363,0
2970,4021,0
2971,1706,0
2972,213,0
2973,1622,0
2974,4065,0
2975,57,0
2976,1275,0
2977,1372,1
2978,75,1
2979,185,0
2980,2798,1
2981,267,0
2982,2782,0
2983,3220,0
2984,700,1
2985,120,0
2986,4011,0
2987,3003,1
2988,3484,0
2989,2963,0
2990,891,0
2991,3179,0
2992,3205,0
2993,3548,0
2994,1984,0
2995,2700,0
2996,2659,0
2997,634,0
2998,402,0
2999,1353,0
3000,2812,0
3001,963,0
3002,3070,0
3003,3658,0
3004,2292,0
3005,2217,0
3006,1427,0
3007,795,0
3008,1038,0
3009,3243,0
3010,3817,0
3011,2117,0
3012,3398,0
3013,2885,0
3014,520,0
3015,877,0
3016,1337,0
3017,2115,0
3018,126,0
3019,1004,0
3020,3805,0
3021,1528,0
3022,1083,0
3023,1787,0
3024,2351,0
3025,857,0
3026,3704,1
3027,1254,0
3028,507,0
3029,1736,0
3030,360,0
3031,1434,0
3032,1472,0
3033,3855,0
3034,1594,0
3035,4101,1
3036,137,0
3037,916,0
3038,3884,0
3039,1315,0
3040,3100,0
3041,1853,0
3042,3162,1
3043,1151,0
3044,260,0
3045,3803,0
3046,2554,0
3047,3659,0
3048,3488,0
3049,1929,0
3050,21,0
3051,1517,0
3052,549,0
3053,3666,0
3054,2426,0
3055,1991,0
3056,164,0
3057,2791,0
3058,1775,0
3059,1997,0
3060,1387,0
3061,1324,0
3062,2062,0
3063,2636,0
3064,2609,0
3065,3271,1
3066,1606,0
3067,1424,0
3068,2110,0
3069,1903,0
3070,2489,1
3071,1962,0
3072,375,0
3073,701,0
3074,880,0
3075,4117,0
3076,897,0
3077,1313,0
3078,2641,0
3079,2593,0
3080,2170,0
3081,41,0
3082,3790,0
3083,3035,0
3084,1664,0
3085,1267,0
3086,723,0
3087,2571,0
3088,783,0
3089,2242,0
3090,923,0
3091,3960,0
3092,2403,0
3093,198,0
3094,2644,0
3095,612,0
3096,3976,0
3097,2361,0
3098,3475,0
3099,629,0
3100,1272,0
3101,3390,0
3102,3066,0
3103,2848,1
3104,3990,0
3105,2461,0
3106,4077,0
3107,2107,0
3108,3613,0
3109,3870,0
3110,187,0
3111,2840,0
3112,2356,0
3113,2504,0
3114,3323,0
3115,2363,0
3116,3538,0
3117,147,0
3118,3975,0
3119,3254,1
3120,734,1
3121,3289,0
3122,1396,0
3123,1618,0
3124,2921,1
3125,4074,0
3126,618,0
3127,181,0
3128,3493,0
3129,2261,0
3130,337,0
3131,3178,0
3132,1942,0
3133,3687,0
3134,3651,0
3135,1509,0
3136,3293,0
3137,2835,0
3138,3677,0
3139,4076,0
3140,2510,0
3141,3093,0
3142,1455,0
3143,466,0
3144,2148,0
3145,3857,0
3146,1707,0
3147,1836,0
3148,2516,1
3149,555,0
3150,2843,0
3151,2583,0
3152,3668,0
3153,1461,0
3154,1726,0
3155,197,1
3156,3800,0
3157,808,0
3158,1560,0
3159,1648,0
3160,1832,0
3161,2883,0
3162,200,0
3163,1094,0
3164,3354,0
3165,2861,0
3166,1657,1
3167,1155,0
3168,811,0
3169,636,1
3170,3600,0
3171,3174,0
3172,1758,0
3173,1092,0
3174,3322,0
3175,217,0
3176,1223,0
3177,3847,0
3178,2223,0
3179,2430,0
3180,2200,0
3181,4071,0
3182,2494,0
3183,1699,0
3184,1670,0
3185,48,0
3186,1625,0
3187,3860,0
3188,2724,0
3189,3932,0
3190,227,0
3191,3389,0
3192,1011,0
3193,3837,0
3194,4004,0
3195,362,0
3196,4110,0
3197,2134,0
3198,2705,0
3199,2778,0
3200,86,0
3201,3132,0
3202,3708,1
3203,3716,0
3204,3473,0
3205,3089,0
3206,3477,0
3207,1088,1
3208,201,0
3209,2649,0
3210,498,0
3211,110,0
3212,354,0
3213,3175,0
3214,2219,0
3215,1392,0
3216,296,0
3217,2652,0
3218,1535,0
3219,2976,0
3220,3415,0
3221,1441,0
3222,2535,0
3223,3516,0
3224,2252,0
3225,2315,0
3226,3952,0
3227,746,0
3228,3311,0
3229,2565,0
3230,2368,0
3231,3789,0
3232,3054,0
3233,3236,0
3234,567,0
3235,1491,0
3236,3455,0
3237,2371,0
3238,4099,0
3239,566,0
3240,3714,0
3241,1202,0
3242,523,0
3243,3565,0
3244,1357,0
3245,957,0
3246,3771,0
3247,1045,0
3248,3729,0
3249,2276,0
3250,1236,0
3251,1034,0
3252,2480,0
3253,1752,0
3254,881,0
3255,2967,1
3256,517,0
3257,2079,0
3258,3812,0
3259,3257,0
3260,1265,0
3261,1225,0
3262,167,0
3263,2998,0
3264,1891,0
3265,1247,0
3266,1967,1
3267,3903,0
3268,2202,0
3269,3119,0
3270,542,0
3271,1469,0
3272,3813,0
3273,3044,0
3274,1581,0
3275,2849,0
3276,1221,0
3277,2960,0
3278,2545,0
3279,462,0
3280,3394,0
3281,1879,0
3282,3916,0
3283,1240,0
3284,2882,0
3285,1196,0
3286,790,0
3287,414,0
3288,2233,1
3289,3657,0
3290,3744,0
3291,1425,0
3292,78,0
3293,3864,0
3294,560,0
